,airport,city,state,flights_out,flights_in,flights_total,passengers_out,passengers_in,passengers_total,lat,lng
0,1B1,"Hudson, NY",NY,1,1,2,1,1,2,42.2528649,-73.790959
1,ABE,"Allentown, PA",PA,197023,195394,392417,8041676,7903546,15945222,40.6022939,-75.4714098
2,ABI,"Abilene, TX",TX,50043,51071,101114,979555,955095,1934650,32.4487364,-99.73314390000002
3,ABQ,"Albuquerque, NM",NM,758144,762363,1520507,59884077,59888901,119772978,35.0843859,-106.650422
4,ABR,"Aberdeen, SD",SD,30832,32184,63016,457012,450173,907185,45.4646985,-98.4864829
5,ABY,"Albany, GA",GA,34298,37403,71701,615397,613671,1229068,31.5785074,-84.15574099999999
6,ACT,"Waco, TX",TX,57703,57901,115604,1021412,1005118,2026530,31.549333,-97.1466695
7,ACV,"Eureka, CA",CA,58626,59360,117986,1218741,1212761,2431502,40.8020712,-124.1636729
8,ACY,"Atlantic City, NJ",NJ,73190,72953,146143,5772108,5728973,11501081,39.3642834,-74.4229266
9,ADM,"Ardmore, OK",OK,28,14,38,0,0,0,34.1742611,-97.14362539999999
10,ADQ,"Kodiak, AK",AK,33243,32595,65838,840839,831413,1672252,57.79000000000001,-152.4072221
11,ADS,"Dallas, TX",TX,359,534,884,20,8,28,32.7766642,-96.79698789999999
12,AEX,"Alexandria, LA",LA,61268,61359,122627,1361529,1352878,2714407,31.3112936,-92.4451371
13,AFW,"Dallas, TX",TX,31953,28422,60374,21530,18510,40040,32.7766642,-96.79698789999999
14,AGC,"Pittsburgh, PA",PA,14,9,18,98,64,140,40.44062479999999,-79.9958864
15,AGS,"Augusta, GA",GA,82735,82668,165403,3530665,3411867,6942532,33.4734978,-82.0105148
16,AHN,"Athens, GA",GA,6264,6133,12397,47732,44578,92310,33.9519347,-83.357567
17,AID,"Anderson, IN",IN,24,13,27,0,0,0,40.1053196,-85.6802541
18,AIY,"Atlantic City, NJ",NJ,1,1,2,120,120,240,39.3642834,-74.4229266
19,ALB,"Albany, NY",NY,432901,435232,868133,22755512,22685049,45440561,42.6525793,-73.7562317
20,ALM,"Alamogordo, NM",NM,6143,6239,12382,14640,17393,32033,32.8995325,-105.960265
21,ALO,"Waterloo, IA",IA,43636,43786,87422,608133,606342,1214475,42.492786,-92.34257749999999
22,ALW,"Walla Walla, WA",WA,31535,33416,64951,456936,474042,930978,46.0645809,-118.3430208
23,AMA,"Amarillo, TX",TX,154114,154593,308707,8682733,8666248,17348981,35.2219971,-101.8312969
24,AMK,"Durango, CO",CO,7,7,13,0,0,0,37.27528,-107.8800667
25,AMW,"Ames, IA",IA,1,1,2,22,21,43,42.0307812,-93.63191309999999
26,ANB,"Anniston, AL",AL,70,68,135,2322,2314,4580,33.6598257,-85.8316318
27,ANC,"Anchorage, AK",AK,555105,525685,1080790,32812908,33930515,66743423,61.2180556,-149.9002778
28,AND,"Anderson, SC",SC,87,78,157,1917,1648,3481,34.5034394,-82.6501332
29,AOH,"Lima, OH",OH,35,23,49,0,0,0,40.742551,-84.1052256
30,AOO,"Altoona, PA",PA,8091,9699,17789,49690,46417,96107,40.5186809,-78.3947359
31,APC,"Napa, CA",CA,6,3,5,31,18,27,38.5024689,-122.2653887
32,APF,"Naples, FL",FL,18782,18792,37571,300040,304161,604182,26.1420358,-81.7948103
33,APN,"Alpena, MI",MI,11253,12062,23315,220150,216467,436617,45.0616794,-83.4327528
34,AR1,"Russellville, AR",AR,1,1,2,4,2,6,35.2784173,-93.1337856
35,ARA,"New Iberia, LA",LA,18,10,21,401,398,799,30.0035365,-91.81872849999999
36,ART,"Watertown, NY",NY,11348,11052,22400,68280,84903,153183,43.9747838,-75.91075649999999
37,ASL,"Marshall, TX",TX,1,1,2,8,8,16,32.5448714,-94.36741839999999
38,ASN,"Talladega, AL",AL,20,52,69,0,0,0,33.4359416,-86.1058048
39,AST,"Astoria, OR",OR,2569,2581,5150,12636,11575,24211,46.1878841,-123.8312534
40,ATL,"Atlanta, GA",GA,6557923,6544667,13102590,577121045,577950924,1155071969,33.7489954,-84.3879824
41,ATO,"Athens, OH",OH,1,0,0,0,0,0,39.3292396,-82.1012554
42,ATW,"Appleton, WI",WI,130238,131330,261568,4153377,4084243,8237620,44.2619309,-88.41538469999999
43,ATY,"Watertown, SD",SD,16229,16232,32461,218695,220634,439329,44.8994088,-97.1150732
44,AUG,"Augusta, ME",ME,7920,7841,15761,28667,27467,56134,44.3106241,-69.7794897
45,AUO,"Auburn, AL",AL,2,1,3,3,1,4,32.6098566,-85.48078249999999
46,AUS,"Austin, TX",TX,796194,796157,1592351,63420857,63096163,126517020,30.267153,-97.7430608
47,AVL,"Asheville, NC",NC,116757,116914,233671,4549199,4419741,8968940,35.5950581,-82.5514869
48,AVP,"Scranton, PA",PA,96352,96436,192788,3423362,3304361,6727723,41.408969,-75.66241219999999
49,AXN,"Alexandria, MN",MN,341,340,681,0,0,0,45.8848164,-95.3776663
50,AXV,"Wapakoneta, OH",OH,5,5,10,0,0,0,40.5678265,-84.1935594
51,AZA,"Phoenix, AZ",AZ,3530,3493,7023,461532,462769,924301,33.4483771,-112.0740373
52,AZO,"Kalamazoo, MI",MI,133491,133906,267397,4130123,4014230,8144353,42.2917069,-85.5872286
53,BAD,"Shreveport, LA",LA,43,40,78,2359,1597,3650,32.5251516,-93.7501789
54,BBC,"Bay City, TX",TX,1,1,2,0,0,0,28.9827565,-95.969402
55,BDL,"Hartford, CT",CT,737575,737927,1475502,54390597,54234147,108624744,41.7658043,-72.6733723
56,BDR,"Bridgeport, CT",CT,9793,10514,20307,66719,67242,133961,41.1792258,-73.1894384
57,BFD,"Bradford, PA",PA,11318,10621,21794,63863,55932,118618,41.9564953,-78.649163
58,BFF,"Scottsbluff, NE",NE,2247,2421,4666,25080,29028,54077,41.8666341,-103.6671662
59,BFI,"Seattle, WA",WA,31524,33137,64660,147130,156710,303840,47.6062095,-122.3320708
60,BFL,"Bakersfield, CA",CA,57978,58151,116128,1534565,1501853,3036319,35.3732921,-119.0187125
61,BFM,"Mobile, AL",AL,5805,6999,12802,1175,1496,2671,30.6953657,-88.0398912
62,BFR,"Bedford, IN",IN,2,2,4,0,0,0,38.8611619,-86.4872149
63,BGD,"Borger, TX",TX,1,0,0,0,0,0,35.6678203,-101.3973876
64,BGM,"Binghamton, NY",NY,66305,66718,133023,1876537,1842741,3719278,42.09868669999999,-75.91797380000001
65,BGR,"Bangor, ME",ME,108063,107522,215585,4582687,3983431,8566118,44.8016128,-68.7712257
66,BGS,"Big Spring, TX",TX,1,2,3,0,23,23,32.2503979,-101.4787355
67,BHM,"Birmingham, AL",AL,440228,442707,882935,29430382,29372717,58803099,33.5185892,-86.8103567
68,BIF,"El Paso, TX",TX,272,244,498,13836,12721,25643,31.7618778,-106.4850217
69,BIH,"Bishop, CA",CA,1,1,2,2,2,4,37.3614238,-118.3996636
70,BIL,"Billings, MT",MT,119978,120833,240811,5074806,5048005,10122811,45.7832856,-108.5006904
71,BIS,"Bismarck, ND",ND,45896,47046,92942,2441115,2439492,4880607,46.8083268,-100.7837392
72,BJI,"Bemidji, MN",MN,19934,20836,40770,383545,392831,776376,47.471573,-94.8826861
73,BJJ,"Wooster, OH",OH,2,2,4,0,0,0,40.8050565,-81.935143
74,BKG,"Branson, MO",MO,646,647,1293,47608,47529,95137,36.6436731,-93.21851439999999
75,BKL,"Cleveland, OH",OH,189,200,384,6798,6792,13530,41.49932,-81.6943605
76,BKW,"Beckley, WV",WV,4890,2686,7571,21413,15977,37390,37.7781702,-81.1881557
77,BKX,"Brookings, SD",SD,5406,5556,10961,14801,15846,30640,44.3113573,-96.79838769999999
78,BLI,"Bellingham, WA",WA,80883,76517,157400,2177855,2108541,4286396,48.7519112,-122.4786854
79,BMC,"Brigham City, UT",UT,3,1,2,0,0,0,41.5102129,-112.0155015
80,BMG,"Bloomington, IN",IN,201,189,382,9173,8769,17910,39.165325,-86.52638569999999
81,BMI,"Bloomington, IL",IL,111588,111512,223100,3222255,3143056,6365311,40.4842027,-88.99368729999999
82,BNA,"Nashville, TN",TN,1185702,1185911,2371613,86532515,86518258,173050773,36.1626638,-86.7816016
83,BOK,"Brookings, OR",OR,3,4,7,0,0,0,42.0526114,-124.2839819
84,BOS,"Boston, MA",MA,2495558,2494046,4989604,189820718,190599092,380419810,42.3600825,-71.0588801
85,BPT,"Beaumont, TX",TX,60621,60673,121294,1102312,1077770,2180082,30.080174,-94.1265562
86,BQK,"Brunswick, GA",GA,22371,22442,44813,426380,438592,864972,31.1499528,-81.49148939999999
87,BRD,"Brainerd, MN",MN,19423,19590,39013,311792,306020,617812,46.3526733,-94.2020084
88,BRL,"Burlington, IA",IA,18498,18525,37023,153862,150198,304060,40.8076529,-91.1128901
89,BRO,"Brownsville, TX",TX,32316,32278,64594,1196382,1169011,2365393,25.9017472,-97.4974838
90,BSM,"Austin, TX",TX,17,11,22,0,0,0,30.267153,-97.7430608
91,BTL,"Battle Creek, MI",MI,124,117,220,2229,2276,4066,42.3211522,-85.17971419999999
92,BTM,"Butte, MT",MT,39551,39670,79221,730378,703750,1434128,46.0038232,-112.5347775
93,BTR,"Baton Rouge, LA",LA,186573,187224,373797,8512748,8504222,17016970,30.4514677,-91.18714659999999
94,BTV,"Burlington, VT",VT,196574,197245,393819,8660095,8620414,17280509,44.4758825,-73.21207199999999
95,BUF,"Buffalo, NY",NY,593324,594710,1188034,37796151,37634190,75430341,42.88644679999999,-78.8783689
96,BVX,"Batesville, AR",AR,12,2,4,0,0,0,35.769799,-91.6409721
97,BWD,"Brownwood, TX",TX,4033,4016,8049,4222,3870,8092,31.7093197,-98.9911611
98,BWG,"Bowling Green, KY",KY,2371,2867,5231,3950,3741,7663,36.9685219,-86.4808043
99,BWI,"Baltimore, MD",MD,1670192,1673040,3343232,142778526,142532459,285310985,39.2903848,-76.6121893
100,BYH,"Blytheville, AR",AR,73,59,122,0,0,0,35.9272953,-89.9189753
101,BZN,"Bozeman, MT",MT,82860,82843,165703,4370312,4330338,8700650,45.6769979,-111.0429339
102,CAD,"Cadillac, MI",MI,386,376,756,0,3,3,44.2519526,-85.40116189999999
103,CAE,"Columbia, SC",SC,255681,253122,508803,10466260,10537808,21004068,34.0007104,-81.0348144
104,CAK,"Akron, OH",OH,160854,161236,322090,7279854,7202641,14482495,41.0814447,-81.51900529999999
105,CBE,"Cumberland, MD",MD,4298,4167,8465,15758,14205,29963,39.6528654,-78.7625185
106,CBM,"Columbus, MS",MS,4,4,8,325,326,651,33.4956744,-88.4272627
107,CDC,"Cedar City, UT",UT,8322,8315,16636,59806,59302,119011,37.67747689999999,-113.0618931
108,CEC,"Crescent City, CA",CA,12205,11939,24144,100120,92832,192952,41.7557501,-124.2025913
109,CEV,"Connersville, IN",IN,14,3,6,0,0,0,39.6411589,-85.1410748
110,CGF,"Cleveland, OH",OH,1,1,2,2,2,4,41.49932,-81.6943605
111,CGI,"Cape Girardeau, MO",MO,13582,13638,27219,90412,88491,178827,37.3058839,-89.51814759999999
112,CGX,"Chicago, IL",IL,4001,4018,8019,28848,29724,58572,41.8781136,-87.6297982
113,CHA,"Chattanooga, TN",TN,127419,127779,255198,4533932,4361339,8895271,35.0456297,-85.3096801
114,CHI,"Chicago, IL",IL,31,69,100,0,0,0,41.8781136,-87.6297982
115,CHO,"Charlottesville, VA",VA,73388,73704,147092,1593186,1585223,3178409,38.0293059,-78.47667810000002
116,CHS,"Charleston, SC",SC,276275,278860,555135,15934781,16030381,31965162,32.7764749,-79.93105120000001
117,CIC,"Chico, CA",CA,17376,17351,34725,198458,200277,398525,39.7284944,-121.8374777
118,CID,"Cedar Rapids, IA",IA,199999,200436,400435,7360515,7239728,14600243,41.9778795,-91.6656232
119,CKB,"Clarksburg, WV",WV,15088,15249,30334,110541,100895,211315,39.2806451,-80.34453409999999
120,CLE,"Cleveland, OH",OH,1854570,1849821,3704391,95486042,95454431,190940473,41.49932,-81.6943605
121,CLL,"College Station, TX",TX,74079,74181,148260,1367493,1329874,2697367,30.627977,-96.3344068
122,CLM,"Port Angeles, WA",WA,54210,45284,99494,640924,452650,1093574,48.118146,-123.4307413
123,CLT,"Charlotte, NC",NC,2840726,2837060,5677786,202808373,203664750,406473123,35.2270869,-80.8431267
124,CLU,"Columbus, IN",IN,160,153,285,0,0,0,39.2014404,-85.9213796
125,CMH,"Columbus, OH",OH,910922,913102,1824024,58399343,58206090,116605433,39.9611755,-82.99879419999999
126,CMI,"Champaign, IL",IL,97294,97729,195023,2171344,2158423,4329767,40.1164204,-88.2433829
127,CNM,"Carlsbad, NM",NM,12553,12300,24853,55321,57665,112986,32.4206736,-104.2288375
128,CNW,"Waco, TX",TX,262,274,536,0,0,0,31.549333,-97.1466695
129,COS,"Colorado Springs, CO",CO,249974,251888,501862,16906709,17029907,33936616,38.8338816,-104.8213634
130,COU,"Columbia, MO",MO,41568,41846,83414,482965,479952,962917,38.9517053,-92.3340724
131,CPR,"Casper, WY",WY,29558,30495,60032,502696,504136,1006242,42.8500769,-106.3251749
132,CPS,"St. Louis, MO",MO,50,48,96,1802,1738,3484,38.6270025,-90.19940419999999
133,CRE,"Myrtle Beach, SC",SC,1,1,2,26,24,50,33.6890603,-78.8866943
134,CRP,"Corpus Christi, TX",TX,179208,179167,358375,8607535,8599103,17206638,27.8005828,-97.39638099999999
135,CRS,"Corsicana, TX",TX,1,1,2,29,29,58,32.0954304,-96.46887269999999
136,CRW,"Charleston, WV",WV,151632,155641,307273,3851925,3853026,7704951,38.3498195,-81.6326234
137,CSG,"Columbus, GA",GA,45017,44617,89634,1224786,1250248,2475034,32.4609764,-84.9877094
138,CSV,"Crossville, TN",TN,15,7,14,3,0,0,35.9489566,-85.0269014
139,CUB,"Columbia, SC",SC,1,1,2,3,3,6,34.0007104,-81.0348144
140,CVG,"Cincinnati, OH",OH,2297909,2285379,4583288,136095289,137124885,273220174,39.1031182,-84.5120196
141,CVN,"Clovis, NM",NM,7712,7785,15497,24367,29982,54349,34.4047987,-103.2052272
142,CVO,"Albany, OR",OR,4002,61,1051,8,8,16,44.6365107,-123.1059282
143,CVS,"Clovis, NM",NM,58,51,103,2472,2186,4282,34.4047987,-103.2052272
144,CWA,"Wausau, WI",WI,96866,97170,194036,2241981,2205578,4447559,44.9591352,-89.6301221
145,CWI,"Clinton, IA",IA,2,2,4,1,1,2,41.8444735,-90.1887379
146,CYS,"Cheyenne, WY",WY,1197,1383,2557,20413,47938,67671,41.1399814,-104.8202462
147,DAL,"Dallas, TX",TX,941177,939735,1880912,73632612,73576900,147209512,32.7766642,-96.79698789999999
148,DAY,"Dayton, OH",OH,491128,489266,980394,23426340,23379059,46805399,39.7589478,-84.1916069
149,DBQ,"Dubuque, IA",IA,35671,35659,71330,762614,741065,1503679,42.5005583,-90.66457179999999
150,DCA,"Washington, DC",DC,2059372,2060235,4119607,145054182,145358875,290413057,38.9071923,-77.0368707
151,DCU,"Decatur, AL",AL,33,25,47,0,0,0,34.6059253,-86.9833417
152,DDC,"Dodge City, KS",KS,9764,10022,19785,47002,47854,94846,37.7527982,-100.0170787
153,DEC,"Decatur, IL",IL,32863,32951,65814,317319,310920,628239,39.8403147,-88.9548001
154,DET,"Detroit, MI",MI,29566,29537,59080,1755122,1737255,3492376,42.331427,-83.0457538
155,DFW,"Dallas, TX",TX,5994470,5987718,11982188,457146553,458315360,915461913,32.7766642,-96.79698789999999
156,DHN,"Dothan, AL",AL,39295,38606,77901,891830,902527,1794357,31.2232313,-85.3904888
157,DIK,"Dickinson, ND",ND,6686,6994,13680,41746,41803,83549,46.8791756,-102.7896242
158,DLF,"Del Rio, TX",TX,31,32,63,312,1139,1451,29.3708857,-100.8958674
159,DLH,"Duluth, MN",MN,58020,58850,116870,2533570,2458332,4991902,46.78667189999999,-92.1004852
160,DMA,"Tucson, AZ",AZ,23,14,31,1012,453,1287,32.2226066,-110.9747108
161,DMO,"Sedalia, MO",MO,4,0,0,0,0,0,38.7044609,-93.2282613
162,DNE,"Dallas, TX",TX,2,0,0,145,0,0,32.7766642,-96.79698789999999
163,DNN,"Dalton, GA",GA,3,2,4,3,3,6,34.7698021,-84.9702228
164,DNV,"Danville, IL",IL,1,0,0,0,0,0,40.124481,-87.6300207
165,DOV,"Dover, DE",DE,393,1062,1446,5091,4716,9776,39.158168,-75.5243682
166,DPA,"Chicago, IL",IL,227,207,414,10,11,21,41.8781136,-87.6297982
167,DQC,"Sebastian, FL",FL,1,0,0,0,0,0,27.816415,-80.4706078
168,DQF,"Phoenix, AZ",AZ,438,433,865,35987,37434,73274,33.4483771,-112.0740373
169,DQU,"Ketchikan, AK",AK,3015,3032,6031,17713,18086,35785,55.34222219999999,-131.6461112
170,DRO,"Durango, CO",CO,22846,24720,47556,446611,443700,890077,37.27528,-107.8800667
171,DRT,"Del Rio, TX",TX,6041,5896,11927,75152,74444,149596,29.3708857,-100.8958674
172,DSM,"Des Moines, IA",IA,301211,308208,609419,13324194,13484639,26808833,41.5868353,-93.6249593
173,DTW,"Detroit, MI",MI,3452572,3448001,6900573,250980850,251465701,502446551,42.331427,-83.0457538
174,DUC,"Duncan, OK",OK,1,0,0,0,0,0,34.5023028,-97.9578128
175,DVN,"Davenport, IA",IA,3,0,0,0,0,0,41.5236437,-90.5776367
176,DVT,"Phoenix, AZ",AZ,9,8,15,13,31,44,33.4483771,-112.0740373
177,DYS,"Abilene, TX",TX,17,13,26,728,674,955,32.4487364,-99.73314390000002
178,EAR,"Kearney, NE",NE,1586,1503,3081,2548,3014,5504,40.69933030000001,-99.0816784
179,EAT,"Wenatchee, WA",WA,58697,58210,116907,922442,910037,1832479,47.4234599,-120.3103494
180,EAU,"Eau Claire, WI",WI,20574,20501,41074,340860,345486,686236,44.811349,-91.4984941
181,ECG,"Elizabeth City, NC",NC,1,1,2,75,75,150,36.2946008,-76.2510461
182,EDF,"Anchorage, AK",AK,94,60,127,2049,1805,3606,61.2180556,-149.9002778
183,EFD,"Houston, TX",TX,23661,23551,47187,489905,427402,917105,29.7604267,-95.3698028
184,EGP,"Eagle Pass, TX",TX,8,5,10,0,0,0,28.7091433,-100.4995214
185,EIL,"Fairbanks, AK",AK,134,122,248,1438,1754,3137,64.8377778,-147.7163888
186,EKA,"Eureka, CA",CA,4270,3724,7994,0,0,0,40.8020712,-124.1636729
187,EKI,"Elkhart, IN",IN,10,4,8,3,3,6,41.6819935,-85.9766671
188,EKO,"Elko, NV",NV,25880,25727,51607,1283777,1270850,2554627,40.8324211,-115.7631232
189,EKX,"Elizabethtown, KY",KY,4,2,4,1,0,0,37.7030646,-85.8649408
190,ELD,"El Dorado, AR",AR,7651,7673,15324,31423,40576,71999,33.20763,-92.6662674
191,ELM,"Elmira, NY",NY,60386,60543,120929,1761277,1745717,3506994,42.0897965,-76.8077338
192,ELN,"Ellensburg, WA",WA,1,1,2,2,0,2,46.9965144,-120.5478474
193,ELP,"El Paso, TX",TX,502977,503487,1006464,38234985,37566886,75801871,31.7618778,-106.4850217
194,END,"Enid, OK",OK,7,7,14,687,676,1363,36.3955891,-97.8783911
195,ERI,"Erie, PA",PA,75072,80353,155425,2493802,2481169,4974971,42.12922409999999,-80.085059
196,ESC,"Escanaba, MI",MI,10348,10106,20454,94148,94497,188645,45.74524659999999,-87.06458010000001
197,ESF,"Alexandria, LA",LA,10043,10080,20123,137559,139104,276663,31.3112936,-92.4451371
198,EUG,"Eugene, OR",OR,168041,164553,332594,5276084,5311327,10587411,44.0520691,-123.0867536
199,EVV,"Evansville, IN",IN,141794,142777,284571,3206955,3201560,6408515,37.9715592,-87.5710898
200,EWN,"New Bern, NC",NC,25194,26029,51223,688440,699249,1387689,35.108493,-77.04411429999999
201,EWR,"Newark, NJ",NJ,2812880,2807184,5620064,209125924,209082988,418208912,40.735657,-74.1723667
202,EYW,"Key West, FL",FL,114097,115920,230017,2707206,2639557,5346763,24.5550593,-81.7799871
203,FAI,"Fairbanks, AK",AK,111392,115119,226511,6594262,6764809,13359071,64.8377778,-147.7163888
204,FAR,"Fargo, ND",ND,69228,69853,139081,4061746,4060752,8122498,46.8771863,-96.7898034
205,FAT,"Fresno, CA",CA,221588,222593,444181,6716766,6689869,13406635,36.7377981,-119.7871247
206,FAY,"Fayetteville, NC",NC,85373,85700,171073,2932464,2914913,5847377,35.0526641,-78.87835849999999
207,FBK,"Fairbanks, AK",AK,437,493,922,3740,3856,7592,64.8377778,-147.7163888
208,FCA,"Kalispell, MT",MT,80398,80370,160768,3051746,3037236,6088982,48.1919889,-114.316813
209,FCH,"Fresno, CA",CA,3,3,6,0,0,0,36.7377981,-119.7871247
210,FDY,"Findlay, OH",OH,299,561,855,0,2,2,41.04422,-83.6499321
211,FEP,"Freeport, IL",IL,2,1,2,0,0,0,42.2966861,-89.6212271
212,FET,"Fremont, NE",NE,3,1,2,0,0,0,41.4333909,-96.49814669999999
213,FFM,"Fergus Falls, MN",MN,8,8,16,0,0,0,46.2835212,-96.0777887
214,FFO,"Dayton, OH",OH,18,6,13,868,513,993,39.7589478,-84.1916069
215,FFT,"Frankfort, KY",KY,3,2,4,0,0,0,38.2009055,-84.87328350000001
216,FLG,"Flagstaff, AZ",AZ,30079,30896,60975,508753,521454,1030207,35.1982836,-111.651302
217,FLL,"Fort Lauderdale, FL",FL,1176411,1177995,2354406,124401914,123841609,248243523,26.1224386,-80.13731740000001
218,FLO,"Florence, SC",SC,32580,32722,65302,569758,561066,1130824,34.1954331,-79.7625625
219,FMN,"Farmington, NM",NM,32136,32151,64283,213282,190770,403958,36.72805830000001,-108.2186856
220,FNT,"Flint, MI",MI,128100,127983,256083,5464683,5376421,10841104,43.0125274,-83.6874562
221,FOD,"Fort Dodge, IA",IA,13429,13506,26933,112983,112226,225045,42.4974694,-94.16801579999999
222,FOE,"Topeka, KS",KS,1718,1748,3458,55633,56976,111798,39.0473451,-95.67515759999999
223,FSD,"Sioux Falls, SD",SD,117139,115593,232732,4983960,4934326,9918286,43.5473028,-96.728333
224,FSM,"Fort Smith, AR",AR,58614,58887,117501,1173834,1171610,2345444,35.3859242,-94.39854749999999
225,FTW,"Dallas, TX",TX,699,754,1445,11513,10706,22053,32.7766642,-96.79698789999999
226,FTY,"Atlanta, GA",GA,6,4,8,20,5,11,33.7489954,-84.3879824
227,FVS,"Rexburg, ID",ID,1,3,4,0,0,0,43.8231096,-111.7924237
228,FWA,"Fort Wayne, IN",IN,202691,202472,405163,5500044,5447551,10947595,41.079273,-85.1393513
229,FWH,"Dallas, TX",TX,11,5,10,380,145,268,32.7766642,-96.79698789999999
230,FXE,"Fort Lauderdale, FL",FL,8,5,10,23,5,18,26.1224386,-80.13731740000001
231,FYV,"Fayetteville, AR",AR,42689,42967,85654,905815,900633,1806363,36.082156,-94.17185420000001
232,GAD,"Gadsden, AL",AL,4,5,9,0,0,0,34.014264,-86.0066386
233,GBD,"Great Bend, KS",KS,5595,5542,11137,24371,23944,48315,38.3644567,-98.7648073
234,GBG,"Galesburg, IL",IL,2,2,4,0,0,0,40.94781580000001,-90.3712395
235,GCC,"Gillette, WY",WY,7009,7754,14763,35053,60953,96006,44.2910915,-105.5022205
236,GCK,"Garden City, KS",KS,9441,10499,19940,39856,40985,80841,37.9716898,-100.8726618
237,GCY,"Greeneville, TN",TN,5,3,6,0,0,0,36.1631574,-82.83098609999999
238,GDC,"Greenville, SC",SC,107,62,134,118,89,207,34.85261759999999,-82.3940104
239,GEG,"Spokane, WA",WA,449890,456994,906884,23872037,23712724,47584761,47.6587802,-117.4260465
240,GFK,"Grand Forks, ND",ND,53857,50963,104820,1725966,1729950,3455916,47.9252568,-97.0328547
241,GFL,"Glens Falls, NY",NY,5,5,8,32,32,59,43.3095164,-73.6440058
242,GGE,"Georgetown, SC",SC,1,1,2,0,0,0,33.376834,-79.2944964
243,GGG,"Longview, TX",TX,24592,24705,49296,407779,395673,803368,32.5007037,-94.74048909999999
244,GJT,"Grand Junction, CO",CO,28241,28422,56647,767294,783992,1550079,39.0638705,-108.5506486
245,GLH,"Greenville, MS",MS,5501,5505,11005,64366,62674,127040,33.399661,-91.0377029
246,GLW,"Glasgow, KY",KY,3,0,0,0,0,0,36.9958839,-85.91192149999999
247,GMU,"Greenville, SC",SC,28,16,35,0,0,0,34.85261759999999,-82.3940104
248,GNV,"Gainesville, FL",FL,74905,77288,152193,2639124,2656218,5295342,29.6516344,-82.32482619999999
249,GPT,"Gulfport, MS",MS,105226,105582,210808,4830137,4801072,9631209,30.3674198,-89.0928155
250,GRB,"Green Bay, WI",WI,168772,169089,337861,6749419,6778126,13527545,44.5133188,-88.0132958
251,GRD,"Greenwood, SC",SC,2,1,2,0,0,0,34.1954001,-82.1617883
252,GRF,"Tacoma, WA",WA,3,1,4,0,68,68,47.2528768,-122.4442906
253,GRI,"Grand Island, NE",NE,7288,7787,15070,54179,52107,105694,40.9263957,-98.3420118
254,GRK,"Killeen, TX",TX,33710,33782,67486,982168,989270,1971253,31.1171194,-97.72779589999999
255,GRR,"Grand Rapids, MI",MI,345973,346606,692579,16613658,16432889,33046547,42.9633599,-85.6680863
256,GSB,"Goldsboro, NC",NC,19,15,29,2289,138,2371,35.3848841,-77.9927651
257,GSO,"Greensboro, NC",NC,495986,494462,990448,24155950,24049650,48205600,36.0726354,-79.7919754
258,GSP,"Greenville, SC",SC,293229,294981,588210,12386787,12152368,24539155,34.85261759999999,-82.3940104
259,GTF,"Great Falls, MT",MT,108464,108414,216878,3901484,3900678,7802162,47.5052849,-111.3007715
260,GTR,"Columbus, MS",MS,38369,38531,76900,668026,673754,1341780,33.4956744,-88.4272627
261,GUP,"Gallup, NM",NM,9384,6269,15653,17939,45031,62970,35.5280783,-108.7425843
262,GUS,"Peru, IN",IN,8,8,16,0,7,7,40.7536528,-86.0688811
263,GVL,"Gainesville, GA",GA,12,2,4,0,0,0,34.2978794,-83.8240663
264,GWO,"Greenwood, MS",MS,9,7,12,45,44,85,33.5162315,-90.1795281
265,GYY,"Gary, IN",IN,2138,2122,4243,90158,88433,177322,41.6020403,-87.3371523
266,HBG,"Hattiesburg, MS",MS,1,0,0,0,0,0,31.3271189,-89.29033919999999
267,HCA,"Big Spring, TX",TX,1,0,0,0,0,0,32.2503979,-101.4787355
268,HFD,"Hartford, CT",CT,3,3,6,12,12,24,41.7658043,-72.6733723
269,HGR,"Hagerstown, MD",MD,9852,9852,19704,83669,82576,166245,39.6417629,-77.71999319999999
270,HIF,"Ogden, UT",UT,62,48,101,2980,3137,5824,41.223,-111.9738304
271,HII,"Lake Havasu City, AZ",AZ,9844,10391,20235,55622,68235,123857,34.483901,-114.3224548
272,HIK,"Honolulu, HI",HI,52,31,59,2543,2015,3671,21.3069444,-157.8583333
273,HKS,"Jackson, MS",MS,44,69,105,0,0,0,32.2987573,-90.1848103
274,HKY,"Hickory, NC",NC,750,745,1491,12199,11947,24146,35.7344538,-81.3444573
275,HLG,"Wheeling, WV",WV,1,1,2,2,0,2,40.0639616,-80.7209149
276,HLM,"Holland, MI",MI,20,8,15,2,0,0,42.7875235,-86.1089301
277,HLN,"Helena, MT",MT,70634,70837,141471,2126438,2088488,4214926,46.5891452,-112.0391057
278,HMN,"Alamogordo, NM",NM,27,21,39,838,629,1413,32.8995325,-105.960265
279,HNL,"Honolulu, HI",HI,904335,908503,1812838,117481585,118876582,236358167,21.3069444,-157.8583333
280,HOB,"Hobbs, NM",NM,7411,7413,14772,20947,14705,35529,32.7026116,-103.1360403
281,HON,"Huron, SD",SD,4300,4218,8467,15041,14758,29660,44.3633173,-98.21425719999999
282,HOT,"Hot Springs, AR",AR,8603,8604,17206,41106,51610,92716,34.5037004,-93.0551795
283,HOU,"Houston, TX",TX,1129400,1130122,2259522,87370101,87436787,174806888,29.7604267,-95.3698028
284,HRO,"Harrison, AR",AR,5458,5264,10721,25736,20124,45857,36.2297936,-93.1076765
285,HSH,"Las Vegas, NV",NV,4,1,2,23,6,16,36.1699412,-115.1398296
286,HSI,"Hastings, NE",NE,2,2,4,0,0,0,40.5862583,-98.38987259999999
287,HSV,"Huntsville, AL",AL,210326,211836,422162,9710473,9696816,19407289,34.7303688,-86.5861037
288,HUF,"Terre Haute, IN",IN,1224,1214,2426,12997,13629,26331,39.4667034,-87.41390919999999
289,HUM,"Houma, LA",LA,2,2,4,0,0,0,29.5957696,-90.71953479999999
290,HUT,"Hutchinson, KS",KS,4,4,8,0,0,0,38.0608445,-97.92977429999999
291,HVN,"New Haven, CT",CT,24543,22828,47371,634800,570339,1205139,41.308274,-72.9278835
292,HVR,"Havre, MT",MT,645,624,1263,1193,1057,2233,48.549999,-109.6840887
293,HYS,"Hays, KS",KS,4729,4773,9500,25445,23294,48724,38.8791783,-99.3267702
294,IAB,"Wichita, KS",KS,53,28,57,78,0,0,37.68717609999999,-97.33005299999999
295,IAD,"Washington, DC",DC,1667032,1664712,3331744,107362903,107805548,215168451,38.9071923,-77.0368707
296,IAH,"Houston, TX",TX,3194969,3196675,6391644,228364108,229101660,457465768,29.7604267,-95.3698028
297,ICT,"Wichita, KS",KS,256136,256589,512725,10726014,10748719,21474733,37.68717609999999,-97.33005299999999
298,IDA,"Idaho Falls, ID",ID,48449,48458,96875,1710543,1625924,3335690,43.5427278,-111.8431068
299,II2,"Chicago, IL",IL,2,2,4,0,0,0,41.8781136,-87.6297982
300,IKK,"Kankakee, IL",IL,1,1,2,0,0,0,41.1200325,-87.8611531
301,ILE,"Killeen, TX",TX,57275,57464,114739,917212,939512,1856724,31.1171194,-97.72779589999999
302,ILG,"Wilmington, DE",DE,999,1062,2051,24006,23570,47553,39.744655,-75.5483909
303,ILM,"Wilmington, NC",NC,104315,105955,210270,4547175,4486316,9033491,34.2103894,-77.8868117
304,ILN,"Wilmington, OH",OH,154501,152431,306878,33,36,69,39.4453393,-83.8285375
305,IMT,"Iron Mountain, MI",MI,9439,10376,19815,67689,67607,135296,45.8202334,-88.0659603
306,IN1,"Auburn, IN",IN,6,4,8,0,0,0,41.3669942,-85.0588575
307,IND,"Indianapolis, IN",IN,1055355,1057351,2112706,64845494,64680427,129525921,39.768403,-86.158068
308,IPL,"El Centro, CA",CA,10996,9949,20945,76118,79171,155289,32.792,-115.5630514
309,IPT,"Williamsport, PA",PA,16499,16382,32881,226252,221590,447842,41.2411897,-77.00107860000001
310,IRK,"Kirksville, MO",MO,4527,4541,9068,12366,11198,23564,40.19475389999999,-92.5832496
311,IRS,"Sturgis, MI",MI,8,1,2,0,0,0,41.799217,-85.41914820000001
312,ISM,"Orlando, FL",FL,4,4,8,0,0,0,28.5383355,-81.3792365
313,ISN,"Williston, ND",ND,7796,8348,16144,50018,53045,103063,48.1469683,-103.6179745
314,ISO,"Kinston, NC",NC,3732,3717,7447,128361,118980,247286,35.2626635,-77.5816353
315,ITH,"Ithaca, NY",NY,50507,50613,101120,1463747,1438748,2902495,42.4439614,-76.5018807
316,ITO,"Hilo, HI",HI,194946,201861,396807,13648023,14199240,27847263,19.7241106,-155.0868193
317,JAC,"Jackson, WY",WY,37353,37977,75328,2411881,2388178,4799789,43.4799291,-110.7624282
318,JAN,"Jackson, MS",MS,236475,236869,473344,12797741,12758463,25556204,32.2987573,-90.1848103
319,JAX,"Jacksonville, FL",FL,592931,590547,1183478,44864205,44798623,89662828,30.3321838,-81.65565099999999
320,JBR,"Jonesboro, AR",AR,3637,3547,7184,15864,11224,27088,35.84229670000001,-90.704279
321,JEF,"Jefferson City, MO",MO,7,4,8,45,45,90,38.57670170000001,-92.1735164
322,JFK,"New York, NY",NY,1619529,1623036,3242565,139755676,141013374,280769050,40.7127753,-74.0059728
323,JHW,"Jamestown, NY",NY,15591,15413,31004,104368,103922,208290,42.0970023,-79.23532589999999
324,JLN,"Joplin, MO",MO,27269,27338,54607,315417,308328,623745,37.08422710000001,-94.51328099999999
325,JMS,"Jamestown, ND",ND,4238,4886,9123,21077,27129,48176,46.9105438,-98.7084357
326,JNU,"Juneau, AK",AK,61422,60891,122313,4416439,4325642,8742081,58.3019444,-134.4197221
327,JRA,"New York, NY",NY,125,359,480,0,0,0,40.7127753,-74.0059728
328,JRB,"New York, NY",NY,5207,6322,11529,8094,3084,11178,40.7127753,-74.0059728
329,JSE,"Juneau, AK",AK,106,126,232,0,4,4,58.3019444,-134.4197221
330,JST,"Johnstown, PA",PA,10018,10209,20227,73433,68603,142036,40.32674069999999,-78.9219698
331,JXN,"Jackson, MI",MI,33,20,41,0,0,0,42.1764362,-84.3542049
332,JZU,"Bennington, VT",VT,2,0,0,2,0,0,42.8781345,-73.1967741
333,KDK,"Kodiak, AK",AK,6,3,5,11,0,8,57.79000000000001,-152.4072221
334,KTN,"Ketchikan, AK",AK,51571,54109,105680,2589509,2761752,5351261,55.34222219999999,-131.6461112
335,KY1,"Danville, KY",KY,5,1,2,0,0,0,37.6456329,-84.77217019999999
336,KY3,"Mount Sterling, KY",KY,4,0,0,0,0,0,38.0564679,-83.9432556
337,KY5,"Madisonville, KY",KY,14,0,0,0,0,0,37.32810050000001,-87.4988882
338,LAF,"Lafayette, IN",IN,7215,7438,14653,89913,93388,183301,40.4167022,-86.87528689999999
339,LAL,"Lakeland, FL",FL,5,4,8,90,84,172,28.0394654,-81.9498042
340,LAM,"Los Alamos, NM",NM,293,307,600,783,423,1206,35.8800364,-106.3031138
341,LAN,"Lansing, MI",MI,125391,125744,251135,4729550,4532453,9262003,42.732535,-84.5555347
342,LAR,"Laramie, WY",WY,859,881,1728,9199,8520,17665,41.3113669,-105.5911007
343,LAS,"Las Vegas, NV",NV,2522172,2518492,5040664,270577684,269133327,539711011,36.1699412,-115.1398296
344,LAW,"Lawton, OK",OK,53138,53403,106541,938218,932991,1871209,34.6035669,-98.39592909999999
345,LAX,"Los Angeles, CA",CA,4099817,4096618,8196435,393002576,389473502,782476078,34.0522342,-118.2436849
346,LBB,"Lubbock, TX",TX,226710,226735,453445,12105999,12091375,24197374,33.5778631,-101.8551665
347,LBF,"North Platte, NE",NE,2765,3970,6732,11164,11211,22257,41.1402759,-100.7601454
348,LBL,"Liberal, KS",KS,6057,5748,11753,27396,23557,50705,37.0430812,-100.920999
349,LCH,"Lake Charles, LA",LA,37960,38008,75968,807604,793496,1601100,30.2265949,-93.2173758
350,LCI,"Laconia, NH",NH,1,0,0,1,0,0,43.5278546,-71.4703509
351,LCK,"Columbus, OH",OH,19431,15477,34908,128324,126052,254376,39.9611755,-82.99879419999999
352,LEW,"Lewiston, ME",ME,1,0,0,0,0,0,44.100351,-70.21477639999999
353,LEX,"Lexington, KY",KY,220784,220641,441425,8625017,8570002,17195019,38.0405837,-84.5037164
354,LFK,"Nacogdoches, TX",TX,3,2,4,14,14,28,31.6035129,-94.6554874
355,LFT,"Lafayette, LA",LA,107538,108393,215931,2799075,2763144,5562219,30.2240897,-92.0198427
356,LGA,"New York, NY",NY,2684961,2683732,5368693,198520171,197477041,395997212,40.7127753,-74.0059728
357,LGD,"La Grande, OR",OR,3675,3003,6678,0,0,0,45.3245771,-118.0877188
358,LGU,"Logan, UT",UT,263,27,81,1692,1674,3366,41.7369803,-111.8338359
359,LHV,"Lock Haven, PA",PA,1,1,2,0,0,0,41.1370133,-77.4469263
360,LIT,"Little Rock, AR",AR,383816,385212,769028,23381185,23354391,46735576,34.7464809,-92.28959479999999
361,LKE,"Seattle, WA",WA,2888,2976,5851,12100,12756,24799,47.6062095,-122.3320708
362,LMT,"Klamath Falls, OR",OR,34827,36301,71128,472616,474892,947508,42.224867,-121.7816704
363,LNK,"Lincoln, NE",NE,69680,69438,139118,2973937,2967341,5941278,40.813616,-96.7025955
364,LNS,"Lancaster, PA",PA,7966,7969,15933,49409,52474,101609,40.0466571,-76.17837390000001
365,LOZ,"London, KY",KY,20,15,31,0,0,0,37.1289771,-84.08326459999999
366,LRD,"Laredo, TX",TX,51118,50450,101566,1101344,1113338,2214268,27.5035613,-99.5075519
367,LRU,"Las Cruces, NM",NM,2661,2680,5340,15052,17138,32162,32.3199396,-106.7636538
368,LSD,"Lexington, KY",KY,1,1,2,0,0,0,38.0405837,-84.5037164
369,LSE,"La Crosse, WI",WI,67165,67272,134437,1969266,1951040,3920306,43.8137751,-91.25190169999999
370,LSF,"Columbus, GA",GA,49,48,84,2274,3244,5127,32.4609764,-84.9877094
371,LSV,"Las Vegas, NV",NV,233,231,454,9831,11028,19974,36.1699412,-115.1398296
372,LTS,"Altus, OK",OK,2,1,2,13,0,13,34.637765,-99.3340442
373,LUF,"Phoenix, AZ",AZ,9,7,13,412,193,440,33.4483771,-112.0740373
374,LUK,"Cincinnati, OH",OH,168,152,301,1924,1949,3665,39.1031182,-84.5120196
375,LUL,"Laurel, MS",MS,1,0,0,0,0,0,31.6940509,-89.1306124
376,LWC,"Lawrence, KS",KS,5,5,10,74,74,148,38.9716689,-95.2352501
377,LWF,"Lawrenceburg, TN",TN,1,0,0,0,0,0,35.2423023,-87.33473889999999
378,LWS,"Lewiston, ID",ID,61340,60309,121649,1004105,1015517,2019622,46.4004089,-117.001189
379,LXN,"Lexington, NE",NE,1,0,0,0,0,0,40.7808398,-99.74150449999999
380,LYH,"Lynchburg, VA",VA,33649,33587,67236,596594,592972,1189566,37.4137536,-79.14224639999999
381,MAE,"Madera, CA",CA,1,1,2,0,0,0,36.9613356,-120.0607176
382,MAF,"Midland, TX",TX,179219,180460,359679,10178816,10105248,20284064,31.9973456,-102.0779146
383,MBS,"Saginaw, MI",MI,94491,94761,189252,4435632,4334669,8770301,43.4194699,-83.9508068
384,MCC,"Sacramento, CA",CA,24,21,41,6,0,0,38.5815719,-121.4943996
385,MCE,"Merced, CA",CA,11366,11345,22711,71769,73799,145568,37.3021632,-120.4829677
386,MCF,"Tampa, FL",FL,11,8,15,588,367,715,27.950575,-82.4571776
387,MCI,"Kansas City, MO",MO,1286403,1288933,2575336,98810939,98902345,197713284,39.0997265,-94.5785667
388,MCN,"Macon, GA",GA,31436,32073,63509,412867,425425,838292,32.8406946,-83.6324022
389,MCO,"Orlando, FL",FL,2148685,2147115,4295800,225170957,228118999,453289956,28.5383355,-81.3792365
390,MCW,"Mason City, IA",IA,25264,25310,50574,333047,332683,665730,43.1535728,-93.20103669999999
391,MDD,"Midland, TX",TX,2,2,4,0,0,0,31.9973456,-102.0779146
392,MDH,"Carbondale, IL",IL,17,18,33,661,689,1307,37.7272727,-89.2167501
393,MDT,"Harrisburg, PA",PA,255716,257767,513483,11429759,11182616,22612375,40.2731911,-76.8867008
394,MDW,"Chicago, IL",IL,1459151,1457294,2916445,117747480,118458594,236206074,41.8781136,-87.6297982
395,MEI,"Meridian, MS",MS,29453,29602,59055,505593,503923,1009516,32.3643098,-88.703656
396,MEM,"Memphis, TN",TN,1803575,1779530,3583105,86993689,87248020,174241709,35.1495343,-90.0489801
397,MFD,"Mansfield, OH",OH,53,35,74,645,604,1249,40.75839,-82.5154471
398,MFR,"Medford, OR",OR,148137,146054,294191,4174905,4165426,8340331,42.3265152,-122.8755949
399,MGM,"Montgomery, AL",AL,83383,83614,166997,3587807,3561945,7149752,32.3792233,-86.3077368
400,MGW,"Morgantown, WV",WV,17953,17971,35924,129316,137786,267102,39.629526,-79.95589679999999
401,MGY,"Dayton, OH",OH,33,32,61,158,153,306,39.7589478,-84.1916069
402,MHE,"Mitchell, SD",SD,1,0,0,8,0,0,43.7094283,-98.0297992
403,MHK,"Manhattan, KS",KS,12764,12665,25428,113403,114155,227517,39.18360819999999,-96.57166939999999
404,MHL,"Marshall, MO",MO,1,1,2,0,0,0,39.1230777,-93.1968704
405,MHR,"Sacramento, CA",CA,11899,11637,23534,844,398,1242,38.5815719,-121.4943996
406,MHT,"Manchester, NH",NH,332335,335674,668009,22610448,22505147,45115595,42.9956397,-71.4547891
407,MI2,"Holland, MI",MI,1,0,0,0,0,0,42.7875235,-86.1089301
408,MIA,"Miami, FL",FL,1482338,1486251,2968589,142764142,143426720,286190862,25.7616798,-80.1917902
409,MIB,"Minot, ND",ND,103,97,195,5442,5261,10520,48.2329668,-101.2922906
410,MIE,"Muncie, IN",IN,55,49,93,2534,2737,4853,40.1933767,-85.3863599
411,MIO,"Miami, OK",OK,73,68,138,0,0,0,36.8745146,-94.8774554
412,MIQ,"Omaha, NE",NE,11,6,17,0,0,0,41.2565369,-95.9345034
413,MKC,"Kansas City, MO",MO,172,172,337,6539,5528,11761,39.0997265,-94.5785667
414,MKE,"Milwaukee, WI",WI,1015573,1014632,2030205,52449701,52438863,104888564,43.0389025,-87.9064736
415,MKG,"Muskegon, MI",MI,26792,26116,52908,452883,436060,888943,43.2341813,-86.24839209999999
416,MKL,"Jackson, TN",TN,3354,3234,6583,18158,17384,35542,35.6145169,-88.81394689999999
417,MKT,"Mankato, MN",MN,3,2,4,34,36,70,44.1635775,-93.99939959999999
418,MLU,"Monroe, LA",LA,77220,79292,156512,2694010,2673792,5367802,32.5093109,-92.1193012
419,MMI,"Athens, TN",TN,53,41,80,0,0,0,35.4428512,-84.5929898
420,MML,"Marshall, MN",MN,1,1,2,0,0,0,44.448423,-95.79119159999999
421,MMT,"Columbia, SC",SC,3,0,0,0,0,0,34.0007104,-81.0348144
422,MNN,"Marion, OH",OH,8,4,8,0,0,0,40.5886699,-83.1285242
423,MOB,"Mobile, AL",AL,140903,141305,282208,7176205,7186296,14362501,30.6953657,-88.0398912
424,MOD,"Modesto, CA",CA,20108,20127,40235,261900,259289,521189,37.63909719999999,-120.9968782
425,MOP,"Mount Pleasant, MI",MI,5,4,8,0,0,0,43.59780749999999,-84.7675139
426,MOR,"Morristown, TN",TN,16,7,12,0,0,0,36.2139814,-83.29489219999999
427,MOT,"Minot, ND",ND,27423,28000,55423,1503845,1479105,2982950,48.2329668,-101.2922906
428,MPB,"Miami, FL",FL,1,0,0,0,0,0,25.7616798,-80.1917902
429,MQJ,"Indianapolis, IN",IN,1,1,2,4,0,4,39.768403,-86.158068
430,MQT,"Marquette, MI",MI,38571,40135,78704,720004,708460,1428459,46.5436199,-87.3953713
431,MRC,"Columbia, TN",TN,88,91,172,0,0,0,35.6150716,-87.0352831
432,MRI,"Anchorage, AK",AK,50,10,27,60,20,39,61.2180556,-149.9002778
433,MS1,"Grenada, MS",MS,20,10,21,0,0,0,33.7516314,-89.81303559999999
434,MSN,"Madison, WI",WI,271170,272142,543312,12289434,12116649,24406083,43.0730517,-89.4012302
435,MSO,"Missoula, MT",MT,102806,103658,206464,4406569,4355310,8761879,46.8721284,-113.9940314
436,MSP,"Minneapolis, MN",MN,3204432,3199691,6404123,245149790,245726588,490876378,44.977753,-93.2650108
437,MSY,"New Orleans, LA",LA,957518,959711,1917229,83279442,83216468,166495910,29.95106579999999,-90.0715323
438,MTJ,"Montrose, CO",CO,8296,7428,15717,371406,364658,735924,38.4783198,-107.8761738
439,MTN,"Baltimore, MD",MD,10,7,12,30,22,45,39.2903848,-76.6121893
440,MUO,"Mountain Home, ID",ID,24,20,37,1137,400,1033,43.1329504,-115.6911975
441,MVN,"Mount Vernon, IL",IL,81,72,144,0,0,0,38.3172714,-88.9031201
442,MVW,"Mount Vernon, WA",WA,2648,948,3514,87,79,166,48.4201105,-122.3374543
443,MWA,"Marion, IL",IL,21612,21665,43277,175094,170129,345223,37.7306054,-88.9331256
444,MWH,"Moses Lake, WA",WA,26018,22476,48493,197990,170136,367781,47.1301417,-119.2780771
445,MXF,"Montgomery, AL",AL,8,6,11,586,386,706,32.3792233,-86.3077368
446,MYF,"San Diego, CA",CA,1,1,2,0,0,0,32.715738,-117.1610838
447,MYR,"Myrtle Beach, SC",SC,165014,166581,331595,10385146,10354676,20739822,33.6890603,-78.8866943
448,MZZ,"Marion, IN",IN,3,1,2,0,0,0,40.5583739,-85.6591442
449,NBG,"New Orleans, LA",LA,12,13,22,552,267,710,29.95106579999999,-90.0715323
450,NC3,"Shelby, NC",NC,3,3,6,0,0,0,35.2923513,-81.5356463
451,NEW,"New Orleans, LA",LA,25,22,45,842,662,1468,29.95106579999999,-90.0715323
452,NFL,"Fallon, NV",NV,4,3,6,233,90,221,39.4748693,-118.7770407
453,NIP,"Jacksonville, FL",FL,74,62,128,2923,2644,5440,30.3321838,-81.65565099999999
454,NJK,"El Centro, CA",CA,4,3,6,93,75,75,32.792,-115.5630514
455,NKX,"San Diego, CA",CA,45,39,72,1641,1454,2783,32.715738,-117.1610838
456,NPA,"Pensacola, FL",FL,10,11,19,857,1392,2133,30.42130899999999,-87.2169149
457,NQA,"Memphis, TN",TN,34,27,56,1516,1519,2898,35.1495343,-90.0489801
458,NQX,"Key West, FL",FL,79,19,45,7942,1721,3965,24.5550593,-81.7799871
459,NY3,"Oneonta, NY",NY,3,2,4,14,10,20,42.4528571,-75.0637746
460,NZC,"Jacksonville, FL",FL,30,21,39,1,335,336,30.3321838,-81.65565099999999
461,NZY,"San Diego, CA",CA,171,139,300,11728,7450,18962,32.715738,-117.1610838
462,OAJ,"Jacksonville, NC",NC,37397,37558,74955,1065446,1150303,2215749,34.7540524,-77.4302414
463,OAK,"Oakland, CA",CA,984559,984695,1969254,81636772,81663005,163299777,37.8043637,-122.2711137
464,OCF,"Ocala, FL",FL,387,305,681,475,693,1168,29.1871986,-82.14009229999999
465,ODW,"Oak Harbor, WA",WA,6005,3401,9405,23463,17203,40664,48.28829469999999,-122.6484205
466,OFF,"Omaha, NE",NE,7,7,14,215,225,440,41.2565369,-95.9345034
467,OFK,"Norfolk, NE",NE,1441,1465,2906,2180,2337,4517,42.03272339999999,-97.41375529999999
468,OGD,"Ogden, UT",UT,171,126,262,4033,4106,7859,41.223,-111.9738304
469,OGG,"Kahului, HI",HI,505998,512499,1018497,47996017,48525447,96521464,20.8893351,-156.4729469
470,OGS,"Ogdensburg, NY",NY,4993,5325,10318,20632,20666,41298,44.6942291,-75.48633640000001
471,OH1,"Washington Court House, OH",OH,1,1,2,0,0,0,39.5364511,-83.4390843
472,OH2,"Bellefontaine, OH",OH,4,0,0,0,0,0,40.3611643,-83.7596557
473,OH3,"Chillicothe, OH",OH,1,0,0,0,0,0,39.3331197,-82.9824019
474,OH5,"Cincinnati, OH",OH,1,1,2,5,5,10,39.1031182,-84.5120196
475,OKC,"Oklahoma City, OK",OK,497091,500649,997740,32433739,32575297,65009036,35.4675602,-97.5164276
476,OKK,"Kokomo, IN",IN,148,127,263,65,38,103,40.486427,-86.13360329999999
477,OLM,"Olympia, WA",WA,2069,2073,4142,23288,14937,38225,47.0378741,-122.9006951
478,OLS,"Nogales, AZ",AZ,118,80,174,7,0,7,31.3403775,-110.9342532
479,OMA,"Omaha, NE",NE,439818,440195,880013,29198789,29358933,58557722,41.2565369,-95.9345034
480,OPF,"Miami, FL",FL,440,378,813,7534,6225,13759,25.7616798,-80.1917902
481,ORD,"Chicago, IL",IL,6908333,6896136,13804469,529014487,528644525,1057659012,41.8781136,-87.6297982
482,ORH,"Worcester, MA",MA,13904,13918,27817,472088,464141,936147,42.2625932,-71.8022934
483,ORL,"Orlando, FL",FL,12,7,15,308,74,160,28.5383355,-81.3792365
484,OSH,"Oshkosh, WI",WI,4942,4932,9858,68421,68493,136745,44.0247062,-88.5426136
485,OSU,"Columbus, OH",OH,3,2,4,26,3,27,39.9611755,-82.99879419999999
486,OTM,"Ottumwa, IA",IA,2,0,0,0,0,0,41.01602930000001,-92.40830220000001
487,OWA,"Owatonna, MN",MN,1,1,2,0,0,0,44.0855572,-93.2259349
488,OWB,"Owensboro, KY",KY,4192,4199,8386,31555,30449,61959,37.7719074,-87.1111676
489,OXR,"Oxnard, CA",CA,19567,19529,39096,222656,214778,437434,34.1975048,-119.1770516
490,PAH,"Paducah, KY",KY,24169,24239,48408,312066,311598,623664,37.0833893,-88.6000478
491,PAM,"Panama City, FL",FL,36,29,61,2324,1564,3495,30.1588129,-85.6602058
492,PBF,"Pine Bluff, AR",AR,1,1,2,0,0,0,34.2284312,-92.00319549999999
493,PBG,"Plattsburgh, NY",NY,4083,3875,7905,103183,97163,199973,44.6994873,-73.4529124
494,PBI,"West Palm Beach, FL",FL,545122,545137,1090259,55222045,54715155,109937200,26.7153424,-80.0533746
495,PDK,"Atlanta, GA",GA,68,69,131,75,68,141,33.7489954,-84.3879824
496,PDT,"Pendleton, OR",OR,22911,23802,46713,212285,202139,414424,45.672075,-118.7885967
497,PDX,"Portland, OR",OR,1527909,1538422,3066331,100424397,100430981,200855378,45.5122308,-122.6587185
498,PFN,"Panama City, FL",FL,68563,69589,138152,2542809,2549309,5092118,30.1588129,-85.6602058
499,PGD,"Punta Gorda, FL",FL,1038,1031,2069,92621,96463,189084,26.9297836,-82.0453664
500,PGV,"Greenville, NC",NC,15255,15283,30536,356911,354059,710824,35.612661,-77.3663538
501,PHL,"Philadelphia, PA",PA,2671971,2672195,5344166,185945257,186854042,372799299,39.9525839,-75.1652215
502,PHT,"Paris, TN",TN,2,1,2,0,0,0,36.3020023,-88.32671069999999
503,PHX,"Phoenix, AZ",AZ,3213074,3208843,6421917,295856355,295579096,591435451,33.4483771,-112.0740373
504,PIA,"Peoria, IL",IL,137954,140314,278268,3699429,3635060,7334489,40.6936488,-89.5889864
505,PIB,"Hattiesburg, MS",MS,5397,5440,10836,103469,103854,207174,31.3271189,-89.29033919999999
506,PIH,"Pocatello, ID",ID,25692,27060,52721,361611,362998,723828,42.8621042,-112.4506191
507,PIR,"Pierre, SD",SD,16666,16936,33602,157709,157502,315211,44.36678759999999,-100.3537522
508,PIT,"Pittsburgh, PA",PA,2196498,2193003,4389501,141086707,141220424,282307131,40.44062479999999,-79.9958864
509,PKB,"Parkersburg, WV",WV,15777,15622,31399,135312,131177,266489,39.2667418,-81.56151349999999
510,PMH,"Portsmouth, OH",OH,1,0,0,0,0,0,38.7317431,-82.9976742
511,PNC,"Ponca City, OK",OK,3290,3228,6518,5851,4334,10185,36.706981,-97.0855948
512,PNE,"Philadelphia, PA",PA,20,18,33,38,19,42,39.9525839,-75.1652215
513,PNS,"Pensacola, FL",FL,213051,213323,426374,11587347,11619551,23206898,30.42130899999999,-87.2169149
514,POB,"Fayetteville, NC",NC,244,206,433,12810,9676,21284,35.0526641,-78.87835849999999
515,POU,"Poughkeepsie, NY",NY,2,2,4,4,3,7,41.7003713,-73.9209701
516,PRB,"San Luis Obispo, CA",CA,145,12,44,754,662,1327,35.2827524,-120.6596156
517,PRC,"Prescott, AZ",AZ,9517,9276,18793,92721,93049,185770,34.5400242,-112.4685025
518,PSF,"Pittsfield, MA",MA,2,1,2,136,134,267,42.4500845,-73.2453824
519,PUB,"Pueblo, CO",CO,4237,4426,8658,120871,139582,260003,38.2544472,-104.6091409
520,PUC,"Price, UT",UT,2,2,4,0,0,0,39.5994095,-110.8107148
521,PUW,"Pullman, WA",WA,59617,59268,118885,986937,996126,1983063,46.7297771,-117.1817377
522,PVD,"Providence, RI",RI,528492,530289,1058781,38759528,38711857,77471385,41.8239891,-71.4128343
523,PVU,"Provo, UT",UT,93,91,184,7300,7123,14423,40.2338438,-111.6585337
524,PWA,"Oklahoma City, OK",OK,2,1,2,19,2,3,35.4675602,-97.5164276
525,PWK,"Chicago, IL",IL,88,51,105,43,42,66,41.8781136,-87.6297982
526,PWM,"Portland, ME",ME,254536,254516,509052,11939363,11730650,23670013,43.6590993,-70.2568189
527,PWT,"Bremerton, WA",WA,126,161,286,489,610,1095,47.5650067,-122.6269768
528,RAP,"Rapid City, SD",SD,46958,47615,94573,2335425,2383295,4718720,44.0805434,-103.2310149
529,RBG,"Roseburg, OR",OR,4358,3060,7418,0,0,0,43.216505,-123.3417381
530,RCA,"Rapid City, SD",SD,180,43,93,13179,2750,6058,44.0805434,-103.2310149
531,RDD,"Redding, CA",CA,48146,47996,96142,943418,948130,1891548,40.5865396,-122.3916754
532,RDG,"Reading, PA",PA,9968,9886,19846,87401,83812,170266,40.3356483,-75.9268747
533,RDM,"Bend, OR",OR,108734,108591,217325,2359393,2346077,4705470,44.0581728,-121.3153096
534,RDU,"Raleigh, NC",NC,1203191,1204156,2407347,79180350,78686430,157866780,35.7795897,-78.6381787
535,RFD,"Rockford, IL",IL,66845,64952,131794,914791,881351,1795859,42.2711311,-89.0939952
536,RIC,"Richmond, VA",VA,481216,485859,967075,24247980,24289268,48537248,37.5407246,-77.4360481
537,RID,"Richmond, IN",IN,1,0,0,0,0,0,39.8289369,-84.8902382
538,RIV,"Riverside, CA",CA,4899,4846,9720,13461,10406,22247,33.9806005,-117.3754942
539,RIW,"Riverton, WY",WY,1634,157,1309,1635,1980,3418,43.024673,-108.3806054
540,RKD,"Rockland, ME",ME,9550,9736,19286,44154,46011,90165,44.1036914,-69.1089293
541,RKS,"Rock Springs, WY",WY,3804,5424,9225,20051,21198,41112,41.58746439999999,-109.2029043
542,RMG,"Rome, GA",GA,2,3,5,0,0,0,34.257038,-85.1646726
543,RND,"San Antonio, TX",TX,11,13,24,885,964,1849,29.4241219,-98.49362819999999
544,RNO,"Reno, NV",NV,549934,551037,1100971,46409882,46415860,92825742,39.5296329,-119.8138027
545,ROA,"Roanoke, VA",VA,168661,170593,339254,4904497,4918543,9823040,37.2709704,-79.9414266
546,ROC,"Rochester, NY",NY,487638,488301,975939,23999992,23930458,47930450,43.15657789999999,-77.6088465
547,ROW,"Roswell, NM",NM,18428,19295,37718,178018,182599,359839,33.3942655,-104.5230242
548,RST,"Rochester, MN",MN,88053,88079,176132,3024826,2984675,6009501,44.0121221,-92.4801989
549,RUI,"Ruidoso, NM",NM,252,294,545,839,1006,1836,33.3672525,-105.6588485
550,RUT,"Rutland, VT",VT,7639,7443,15082,21788,22367,44155,43.6106237,-72.9726065
551,RWI,"Rocky Mount, NC",NC,443,238,643,976,988,1964,35.9382103,-77.7905339
552,S27,"Kalispell, MT",MT,3,4,7,0,0,0,48.1919889,-114.316813
553,SAC,"Sacramento, CA",CA,3,2,4,14,10,20,38.5815719,-121.4943996
554,SAD,"Safford, AZ",AZ,5,1,2,45,0,0,32.8339546,-109.70758
555,SAF,"Santa Fe, NM",NM,528,488,1000,10297,10341,20497,35.6869752,-105.937799
556,SAN,"San Diego, CA",CA,1487549,1491090,2978639,133166483,132590827,265757310,32.715738,-117.1610838
557,SAT,"San Antonio, TX",TX,780459,781602,1562061,64688447,64964876,129653323,29.4241219,-98.49362819999999
558,SAV,"Savannah, GA",GA,224086,225594,449680,14686494,14640412,29326906,32.0808989,-81.091203
559,SAW,"Marquette, MI",MI,5,5,10,208,273,481,46.5436199,-87.3953713
560,SBA,"Santa Barbara, CA",CA,159128,159400,318528,4294773,4246062,8540835,34.4208305,-119.6981901
561,SBM,"Sheboygan, WI",WI,12,2,4,0,0,0,43.7508284,-87.71453
562,SBN,"South Bend, IN",IN,227608,227943,455551,7352014,7239742,14591756,41.6763545,-86.25198979999999
563,SBP,"San Luis Obispo, CA",CA,63924,63331,127119,1408642,1376103,2783509,35.2827524,-120.6596156
564,SBY,"Salisbury, MD",MD,23433,23122,46555,422092,414132,836224,38.3606736,-75.5993692
565,SCE,"State College, PA",PA,43959,43973,87932,944221,931162,1875383,40.7933949,-77.8600012
566,SCF,"Phoenix, AZ",AZ,32,24,48,117,88,168,33.4483771,-112.0740373
567,SCK,"Stockton, CA",CA,9920,9881,19799,201590,196690,398175,37.9577016,-121.2907796
568,SDM,"San Diego, CA",CA,113,84,174,65,17,36,32.715738,-117.1610838
569,SEA,"Seattle, WA",WA,2570354,2587972,5158326,212352329,211922810,424275139,47.6062095,-122.3320708
570,SEE,"San Diego, CA",CA,5,5,10,76,74,150,32.715738,-117.1610838
571,SEM,"Selma, AL",AL,1,1,2,0,0,0,32.4073589,-87.02110069999999
572,SER,"Seymour, IN",IN,76,31,64,22,0,0,38.9592201,-85.8902547
573,SFB,"Orlando, FL",FL,21423,21573,42996,2507204,2569327,5076531,28.5383355,-81.3792365
574,SFF,"Spokane, WA",WA,14,86,100,0,0,0,47.6587802,-117.4260465
575,SFO,"San Francisco, CA",CA,2491619,2494426,4986045,243777053,242280381,486057434,37.7749295,-122.4194155
576,SGF,"Springfield, MO",MO,153838,155080,308918,4914959,4825815,9740774,37.2089572,-93.29229889999999
577,SGH,"Springfield, OH",OH,4,3,6,93,93,186,39.9242266,-83.8088171
578,SGU,"St. George, UT",UT,25087,25126,50213,347377,349361,696738,37.0965278,-113.5684164
579,SHD,"Staunton, VA",VA,10011,10028,20039,58932,59365,118297,38.149576,-79.0716958
580,SHN,"Shelton, WA",WA,2,1,2,297,274,568,47.2150945,-123.1007066
581,SHR,"Sheridan, WY",WY,6058,3549,9607,42218,16295,58513,44.7971939,-106.9561791
582,SHV,"Shreveport, LA",LA,193926,196659,390585,6435338,6371064,12806402,32.5251516,-93.7501789
583,SIK,"Sikeston, MO",MO,1,1,2,0,0,0,36.876719,-89.5878579
584,SJC,"San Jose, CA",CA,969528,969211,1938739,80442678,80619607,161062285,37.3382082,-121.8863286
585,SJT,"San Angelo, TX",TX,49302,49893,99195,860298,853312,1713610,31.4637723,-100.4370375
586,SKA,"Spokane, WA",WA,11,5,11,693,115,171,47.6587802,-117.4260465
587,SKF,"San Antonio, TX",TX,22,23,36,683,1821,2240,29.4241219,-98.49362819999999
588,SKY,"Sandusky, OH",OH,26,10,25,0,0,0,41.4561754,-82.71168209999999
589,SLB,"Storm Lake, IA",IA,1,1,2,4,0,4,42.6430359,-95.2019399
590,SLC,"Salt Lake City, UT",UT,1777334,1769604,3546938,152044176,152120316,304164492,40.7607793,-111.8910474
591,SLE,"Salem, OR",OR,5983,3188,7901,47057,49869,96926,44.9428975,-123.0350963
592,SLN,"Salina, KS",KS,7202,7176,14374,31286,30996,62280,38.8402805,-97.61142369999999
593,SMF,"Sacramento, CA",CA,704468,705388,1409856,58406779,58518073,116924852,38.5815719,-121.4943996
594,SNA,"Santa Ana, CA",CA,799969,801921,1601890,70464061,70692392,141156453,33.7454725,-117.867653
595,SOW,"Show Low, AZ",AZ,5638,5667,11305,30112,28461,58573,34.2542084,-110.0298327
596,SPA,"Spartanburg, SC",SC,2,1,2,0,0,0,34.9495672,-81.9320482
597,SPI,"Springfield, IL",IL,82843,83206,166047,1370488,1339772,2709958,39.78172130000001,-89.6501481
598,SPS,"Wichita Falls, TX",TX,48398,48491,96887,834137,737218,1571029,33.9137085,-98.4933873
599,SQI,"Sterling, IL",IL,2,1,3,0,0,0,41.788642,-89.69621939999999
600,SRC,"Searcy, AR",AR,2,1,2,0,0,0,35.2468204,-91.73368459999999
601,SRW,"Salisbury, NC",NC,2,1,2,135,0,0,35.6709727,-80.4742261
602,SSC,"Sumter, SC",SC,43,46,83,1824,1915,3465,33.9204354,-80.3414693
603,SSI,"Brunswick, GA",GA,1,0,0,12,0,0,31.1499528,-81.49148939999999
604,STC,"St. Cloud, MN",MN,24804,24909,49713,366722,356436,723158,45.5579451,-94.16324039999999
605,STF,"Starkville, MS",MS,1,1,2,22,22,44,33.4503998,-88.81838719999999
606,STJ,"St. Joseph, MO",MO,26,24,49,899,892,1791,39.7674578,-94.84668099999999
607,STL,"St. Louis, MO",MO,3181037,3177574,6358611,204487005,205022130,409509135,38.6270025,-90.19940419999999
608,STP,"Minneapolis, MN",MN,723,734,1455,6388,6088,12475,44.977753,-93.2650108
609,STS,"Santa Rosa, CA",CA,16949,13891,29080,375102,372028,747130,38.440429,-122.7140548
610,SUM,"Sumter, SC",SC,5,3,6,0,0,0,33.9204354,-80.3414693
611,SUS,"St. Louis, MO",MO,479,473,933,6569,6818,13387,38.6270025,-90.19940419999999
612,SUX,"Sioux City, IA",IA,45812,45591,91403,1070685,1059494,2130179,42.4963416,-96.40494079999999
613,SVC,"Silver City, NM",NM,6212,6190,12402,19909,19871,39780,32.770075,-108.280326
614,SVH,"Statesville, NC",NC,4,1,2,0,0,0,35.7826363,-80.8872959
615,SVN,"Savannah, GA",GA,250,305,532,10008,12316,21089,32.0808989,-81.091203
616,SWO,"Stillwater, OK",OK,154,151,303,11093,10210,20988,36.1156071,-97.0583681
617,SWW,"Sweetwater, TX",TX,1,1,2,0,0,0,32.4709519,-100.4059384
618,SYI,"Shelbyville, TN",TN,8,6,11,0,0,0,35.483406,-86.46027169999999
619,SYR,"Syracuse, NY",NY,426173,425945,852118,19899033,19773274,39672307,43.0481221,-76.14742439999999
620,SZL,"Warrensburg, MO",MO,21,19,38,850,689,1343,38.7627893,-93.73604979999999
621,TBN,"Fort Leonard Wood, MO",MO,12800,12852,25652,82876,90233,173109,37.7252315,-92.1646722
622,TBR,"Statesboro, GA",GA,1,1,2,0,0,0,32.4487876,-81.7831674
623,TCL,"Tuscaloosa, AL",AL,333,417,747,11888,8722,20441,33.2098407,-87.56917349999999
624,TCM,"Tacoma, WA",WA,252,248,492,12875,16206,28625,47.2528768,-122.4442906
625,TDZ,"Toledo, OH",OH,5,4,6,0,0,0,41.6528052,-83.5378674
626,THA,"Tullahoma, TN",TN,3,3,5,0,0,0,35.3620235,-86.20943419999999
627,THV,"York, PA",PA,6,1,2,9,2,4,39.9625984,-76.727745
628,TIK,"Oklahoma City, OK",OK,23,15,27,157,136,235,35.4675602,-97.5164276
629,TIW,"Tacoma, WA",WA,2,1,2,19,9,18,47.2528768,-122.4442906
630,TKF,"Truckee, CA",CA,1,0,0,3,0,0,39.327962,-120.1832533
631,TLH,"Tallahassee, FL",FL,185473,186890,372363,7491260,7421188,14912448,30.4382559,-84.28073289999999
632,TMA,"Tifton, GA",GA,2,0,0,0,0,0,31.4504629,-83.5084973
633,TMB,"Miami, FL",FL,40,33,69,8,0,0,25.7616798,-80.1917902
634,TN3,"Lewisburg, TN",TN,3,1,2,0,0,0,35.4492404,-86.7888887
635,TN6,"Dyersburg, TN",TN,14,3,7,0,0,0,36.0345159,-89.38562809999999
636,TNT,"Miami, FL",FL,31,22,44,54,28,82,25.7616798,-80.1917902
637,TOL,"Toledo, OH",OH,163114,163300,326414,4451933,4375197,8827130,41.6528052,-83.5378674
638,TPA,"Tampa, FL",FL,1422031,1424352,2846383,134633217,134022885,268656102,27.950575,-82.4571776
639,TSM,"Taos, NM",NM,1466,1447,2913,4723,4027,8750,36.4072485,-105.5730665
640,TSS,"New York, NY",NY,4411,3869,8266,9810,4173,13983,40.7127753,-74.0059728
641,TTN,"Trenton, NJ",NJ,10092,10169,20255,372002,375888,747840,40.2205824,-74.759717
642,TUL,"Tulsa, OK",OK,495041,494564,989605,30947127,30979896,61927023,36.1539816,-95.99277500000001
643,TUP,"Tupelo, MS",MS,10560,10583,21141,188003,180699,368541,34.2576066,-88.7033859
644,TUS,"Tucson, AZ",AZ,397618,398589,796207,31489699,31247347,62737046,32.2226066,-110.9747108
645,TVC,"Traverse City, MI",MI,84739,84895,169634,3023318,2980656,6003974,44.7630567,-85.62063169999999
646,TWF,"Twin Falls, ID",ID,17913,19663,37575,275239,286226,561451,42.5558381,-114.4700518
647,TX6,"Austin, TX",TX,1,1,2,24,23,47,30.267153,-97.7430608
648,TYR,"Tyler, TX",TX,68518,69322,137840,1182238,1161894,2344132,32.3512601,-95.30106239999999
649,TYS,"Knoxville, TN",TN,300198,301259,601457,13187681,13009220,26196901,35.9606384,-83.9207392
650,UBS,"Columbus, MS",MS,1,1,2,0,29,29,33.4956744,-88.4272627
651,UCA,"Utica, NY",NY,2644,2640,5278,72351,71774,143716,43.100903,-75.232664
652,UCY,"Union City, TN",TN,2,1,2,0,0,0,36.4242303,-89.0570096
653,UIN,"Quincy, IL",IL,20165,20299,40464,145862,140367,286229,39.9356016,-91.4098726
654,UKI,"Ukiah, CA",CA,2557,2161,4718,0,0,0,39.1501709,-123.2077831
655,UVA,"Uvalde, TX",TX,4,4,8,0,0,0,29.20968359999999,-99.7861679
656,VAD,"Valdosta, GA",GA,8,7,14,134,575,709,30.8327022,-83.2784851
657,VCT,"Victoria, TX",TX,16887,16899,33786,218124,208584,426708,28.8052674,-97.0035982
658,VEL,"Vernal, UT",UT,1867,1782,3631,7712,6476,14087,40.4555157,-109.5287479
659,VGT,"Las Vegas, NV",NV,3560,3528,7087,37452,37927,75349,36.1699412,-115.1398296
660,VIS,"Visalia, CA",CA,8126,9339,17465,19003,18716,37719,36.3302284,-119.2920585
661,VLD,"Valdosta, GA",GA,26057,26161,52218,530328,529303,1059631,30.8327022,-83.2784851
662,VWD,"Hanford, CA",CA,1,1,2,0,0,0,36.3274502,-119.6456844
663,VWH,"Midland, TX",TX,1,1,2,6,5,11,31.9973456,-102.0779146
664,VWL,"Bemidji, MN",MN,1741,1658,3399,0,0,0,47.471573,-94.8826861
665,VWT,"Americus, GA",GA,3,0,0,0,0,0,32.0723861,-84.23268759999999
666,WBR,"Big Rapids, MI",MI,1,1,2,0,0,0,43.6980782,-85.4836557
667,WDG,"Enid, OK",OK,3210,3293,6503,4805,8282,13087,36.3955891,-97.8783911
668,WFB,"Ketchikan, AK",AK,14663,15418,30081,32667,37177,69844,55.34222219999999,-131.6461112
669,WGO,"Winchester, VA",VA,49,29,62,3,2,3,39.1856597,-78.1633341
670,WMH,"Mountain Home, AR",AR,1,1,2,0,0,0,36.3353949,-92.381346
671,WQM,"Lake Charles, LA",LA,5,2,4,67,0,67,30.2265949,-93.2173758
672,WRB,"Macon, GA",GA,18,11,23,224,349,573,32.8406946,-83.6324022
673,WTC,"New York, NY",NY,13,0,0,0,0,0,40.7127753,-74.0059728
674,WV1,"Charleston, WV",WV,2,1,2,0,0,0,38.3498195,-81.6326234
675,XNA,"Fayetteville, AR",AR,158250,157883,315199,4968761,4951192,9893228,36.082156,-94.17185420000001
676,XXW,"Lake City, FL",FL,17,12,25,0,1,1,30.1896756,-82.6392899
677,YIP,"Detroit, MI",MI,11496,10128,21597,15613,14303,29916,42.331427,-83.0457538
678,YKM,"Yakima, WA",WA,79764,81063,160827,1302418,1290801,2593219,46.6020711,-120.5058987
679,YKN,"Yankton, SD",SD,2,1,2,0,0,0,42.87110879999999,-97.39728129999999
680,YNG,"Youngstown, OH",OH,19009,19129,38138,357358,353751,711109,41.0997803,-80.6495194
681,YUM,"Yuma, AZ",AZ,43794,43578,87368,672601,667352,1339857,32.6926512,-114.6276916
682,ZZV,"Zanesville, OH",OH,11,6,12,0,0,0,39.9403453,-82.0131924
